anime_name;anime_url;image_path;created_at;updated_at
Absolute Duo;https://animem.org/absolute-duo;/img/anime_10.jpg;2022-05-27;2022-05-27
Air Gear;https://animem.org/air-gear;/img/anime_11.jpg;2022-05-27;2022-05-27
Aishen Qiaokeli-ing;https://animem.org/aishen-qiaokeli-ing;/img/anime_12.jpg;2022-05-27;2022-05-27
Akatsuki no Yona Series;https://animem.org/Akatsuki_no_Yona_Series;/img/anime_13.jpg;2022-05-27;2022-05-27
Akanesasu Shoujo;https://animem.org/akanesasu-shoujo;/img/anime_14.jpg;2022-05-27;2022-05-27
Ao no Exorcist;https://animem.org/ao-no-exorcist;/img/anime_15.jpg;2022-05-27;2022-05-27
Arifureta Shokugyou de Sekai Saikyou;https://animem.org/arifureta-shokugyou-de-sekai-saikyou;/img/anime_16.jpg;2022-05-27;2022-05-27
Azur Lane;https://animem.org/azur-lane;/img/anime_17.jpg;2022-05-27;2022-05-27
B-gata H-kei;https://animem.org/b-gata-h-kei;/img/anime_18.jpg;2022-05-27;2022-05-27
Baka to Test to Shoukanjuu;https://animem.org/baka-to-test-to-shoukanjuu;/img/anime_19.jpg;2022-05-27;2022-05-27
Monogatari Széria;https://animem.org/monogatari-seria;/img/anime_20.jpg;2022-05-27;2022-05-27
Ballroom e Youkoso;https://animem.org/ballroom-e-youkoso;/img/anime_21.jpg;2022-05-27;2022-05-27
BanG Dream!;https://animem.org/bang-dream;/img/anime_22.jpg;2022-05-27;2022-05-27
Beelzebub;https://animem.org/beelzebub;/img/anime_23.jpg;2022-05-27;2022-05-27
Bishoujo Senshi Sailor Moon;https://animem.org/bishoujo-senshi-sailor-moon;/img/anime_24.jpg;2022-05-27;2022-05-27
Bleach;https://animem.org/bleach;/img/anime_25.jpg;2022-05-27;2022-05-27
Blend S;https://animem.org/blend-s;/img/anime_26.jpg;2022-05-27;2022-05-27
Bloodivores;https://animem.org/bloodivores;/img/anime_27.jpg;2022-05-27;2022-05-27
Boku no Hero Academia;https://animem.org/boku-no-hero-academia;/img/anime_28.jpg;2022-05-27;2022-05-27
Boku no Kanojo ga Majimesugiru Sho-bitch na Ken;https://animem.org/boku-no-kanojo-ga-majimesugiru-sho-bitch-na-ken;/img/anime_29.jpg;2022-05-27;2022-05-27
Bokutachi no Remake;https://animem.org/bokutachi-no-remake;/img/anime_30.jpg;2022-05-27;2022-05-27
"	Boku wa Tomodachi ga Sukunai";https://animem.org/boku-wa-tomodachi-ga-sukunai;/img/anime_31.jpg;2022-05-27;2022-05-27
Bokutachi wa Benkyou ga Dekinai;https://animem.org/bokutachi-wa-benkyou-ga-dekinai;/img/anime_32.jpg;2022-05-27;2022-05-27
Campione!: Matsurowanu Kamigami to Kamigoroshi no Maou;https://animem.org/campione-matsurowanu-kamigami-to-kamigoroshi-no-maou;/img/anime_33.jpg;2022-05-27;2022-05-27
Chain Chronicle: Haecceitas no Hikari;https://animem.org/chain-chronicle-haecceitas-no-hikari;/img/anime_34.jpg;2022-05-27;2022-05-27
Cheat Kusushi no Slow Life: Isekai ni Tsukurou Drugstore;https://animem.org/cheat-kusushi-no-slow-life-isekai-ni-tsukurou-drugstore;/img/anime_35.jpg;2022-05-27;2022-05-27
Circlet Princess;https://animem.org/circlet-princess;/img/anime_36.jpg;2022-05-27;2022-05-27
Cowboy Bebop;https://animem.org/cowboy-bebop;/img/anime_37.jpg;2022-05-27;2022-05-27
D.Gray-man;https://animem.org/d-gray-man;/img/anime_38.jpg;2022-05-31;2022-05-31
Dakara Boku wa, H ga Dekinai.;https://animem.org/dakara-boku-wa-h-ga-dekinai;/img/anime_39.jpg;2022-05-31;2022-05-31
Dagashi Kashi;https://animem.org/dagashi-kashi;/img/anime_40.jpg;2022-05-31;2022-05-31
Danganronpa: Kibou no Gakuen to Zetsubou no Koukousei The Animation;https://animem.org/danganronpa-kibou-no-gakuen-to-zetsubou-no-koukousei-the-animation;/img/anime_41.jpg;2022-05-31;2022-05-31
Danna ga Nani o Itteiru ka Wakaranai Ken;https://animem.org/danna-ga-nani-o-itteiru-ka-wakaranai-ken;/img/anime_42.jpg;2022-05-31;2022-05-31
Dance in the Vampire Bund;https://animem.org/dance-in-the-vampire-bund;/img/anime_43.jpg;2022-05-31;2022-05-31
Deaimon;https://animem.org/Deaimon;/img/anime_44.jpg;2022-05-31;2022-05-31
Death Note;https://animem.org/death-note;/img/anime_45.jpg;2022-05-31;2022-05-31
Densetsu no Yuusha no Densetsu;https://animem.org/densetsu-no-yuusha-no-densetsu;/img/anime_46.jpg;2022-05-31;2022-05-31
Detective Conan Series;https://animem.org/Detective_Conan_Series;/img/anime_47.jpg;2022-05-31;2022-05-31
Dolls' Frontline;https://animem.org/dolls-frontline;/img/anime_48.jpg;2022-05-31;2022-05-31
Dr. Stone;https://animem.org/dr-stone;/img/anime_49.jpg;2022-05-31;2022-05-31
Dragon Ball;https://animem.org/dragon-ball;/img/anime_50.jpg;2022-05-31;2022-05-31
Dragon, Ie wo Kau.;https://animem.org/dragon-ie-wo-kau;/img/anime_51.jpg;2022-05-31;2022-05-31
Dumbbell Nan Kilo Moteru?;https://animem.org/Dumbbell_Nan_Kilo_Moteru_;/img/anime_52.jpg;2022-05-31;2022-05-31
Dungeon ni Deai wo Motomeru no wa Machigatte Iru Darou ka;https://animem.org/dungeon-ni-deai-wo-motomeru-no-wa-machigatte-iru-darou-ka;/img/anime_53.jpg;2022-05-31;2022-05-31
Edens Zero;https://animem.org/edens-zero;/img/anime_54.jpg;2022-06-01;2022-06-01
Egao no Daika;https://animem.org/egao-no-daika;/img/anime_55.jpg;2022-06-01;2022-06-01
Elfen Lied;https://animem.org/elfen-lied;/img/anime_56.jpg;2022-06-01;2022-06-01
Endro;https://animem.org/endro;/img/anime_57.jpg;2022-06-01;2022-06-01
Full Metal Panic!;https://animem.org/full-metal-panic;/img/anime_58.jpg;2022-06-01;2022-06-01
Enen no Shouboutai;https://animem.org/enen-no-shouboutai;/img/anime_59.jpg;2022-06-01;2022-06-01
Eromanga-sensei;https://animem.org/eromanga-sensei;/img/anime_60.jpg;2022-06-01;2022-06-01
Fantasy Bishoujo Juniku Ojisan to;https://animem.org/Fantasy_Bishoujo_Juniku_Ojisan_to;/img/anime_61.jpg;2022-06-01;2022-06-01
Fairy Tail;https://animem.org/fairy-tail;/img/anime_62.jpg;2022-06-01;2022-06-01
Fullmetal Alchemist Series;https://animem.org/Fullmetal_Alchemist_Series;/img/anime_63.jpg;2022-06-01;2022-06-01
Gaikotsu Kishi-sama, Tadaima Isekai e Odekakechuu;https://animem.org/Gaikotsu_Kishi-sama,_Tadaima_Isekai_e_Odekakechuu;/img/anime_64.jpg;2022-06-01;2022-06-01
Gakkou no Kaidan;https://animem.org/gakkou-no-kaidan;/img/anime_65.jpg;2022-06-01;2022-06-01
Ganbare Douki-chan;https://animem.org/ganbare-douki-chan;/img/anime_66.jpg;2022-06-01;2022-06-01
Gate: Jieitai Kanochi nite, Kaku Tatakaeri;https://animem.org/gate-jieitai-kanochi-nite-kaku-tatakaeri;/img/anime_67.jpg;2022-06-01;2022-06-01
Gekkan Shoujo Nozaki-kun;https://animem.org/gekkan-shoujo-nozaki-kun;/img/anime_68.jpg;2022-06-01;2022-06-01
Genjitsu Shugi Yuusha no Oukoku Saikenki;https://animem.org/genjitsu-shugi-yuusha-no-oukoku-saikenki;/img/anime_69.jpg;2022-06-01;2022-06-01
Getsuyoubi no Tawawa;https://animem.org/Getsuyoubi_no_Tawawa;/img/anime_70.jpg;2022-06-01;2022-06-01
Given;https://animem.org/given;/img/anime_71.jpg;2022-06-01;2022-06-01
Goblin Slayer;https://animem.org/goblin-slayer;/img/anime_72.jpg;2022-06-01;2022-06-01
God Eater;https://animem.org/god-eater;/img/anime_73.jpg;2022-06-01;2022-06-01
Golden Time;https://animem.org/golden-time;/img/anime_74.jpg;2022-06-01;2022-06-01
Grancrest Senki;https://animem.org/grancrest-senki;/img/anime_75.jpg;2022-06-01;2022-06-01
Granblue Fantasy The Animation Series;https://animem.org/Granblue_Fantasy_The_Animation_Series;/img/anime_76.jpg;2022-06-01;2022-06-01
Grand Blue;https://animem.org/Grand_Blue;/img/anime_77.jpg;2022-06-01;2022-06-01
Hachi-nan tte, Sore wa Nai deshou!;https://animem.org/hachi-nan-tte-sore-wa-nai-deshou;/img/anime_78.jpg;2022-06-02;2022-06-02
Hagure Yuusha no Aesthetica;https://animem.org/hagure-yuusha-no-aesthetica;/img/anime_79.jpg;2022-06-02;2022-06-02
Haiyore! Nyaruko-san;https://animem.org/haiyore-nyaruko-san;/img/anime_80.jpg;2022-06-02;2022-06-02
Hajimete no Gal;https://animem.org/hajimete-no-gal;/img/anime_81.jpg;2022-06-02;2022-06-02
Hamatora The Animation;https://animem.org/hamatora-the-animation;/img/anime_82.jpg;2022-06-02;2022-06-02
Hanebado!;https://animem.org/hanebado;/img/anime_83.jpg;2022-06-02;2022-06-02
Hataage! Kemono Michi;https://animem.org/hataage-kemono-michi;/img/anime_84.jpg;2022-06-02;2022-06-02
Harukana Receive;https://animem.org/harukana-receive;/img/anime_85.jpg;2022-06-02;2022-06-02
Happy Sugar Life;https://animem.org/Happy_Sugar_Life;/img/anime_86.jpg;2022-06-02;2022-06-02
Hataraku Maou-sama!;https://animem.org/hataraku-maou-sama;/img/anime_87.jpg;2022-06-02;2022-06-02
Hataraku Saibou (TV);https://animem.org/hataraku-saibou-tv;/img/anime_88.jpg;2022-06-02;2022-06-02
Heion Sedai no Idaten-tachi;https://animem.org/heion-sedai-no-idaten-tachi;/img/anime_89.jpg;2022-06-02;2022-06-02
Healer Girl;https://animem.org/Healer_Girl;/img/anime_90.jpg;2022-06-02;2022-06-02
Hellsing;https://animem.org/hellsing;/img/anime_91.jpg;2022-06-02;2022-06-02
Heroine Tarumono! Kiraware Heroine to Naisho no Oshigoto;https://animem.org/Heroine_Tarumono_Kiraware_Heroine_to_Naisho_no_Oshigoto;/img/anime_92.jpg;2022-06-02;2022-06-02
Hidan no Aria;https://animem.org/hidan-no-aria;/img/anime_93.jpg;2022-06-02;2022-06-02
Hibike! Euphonium;https://animem.org/hibike-euphonium;/img/anime_94.jpg;2022-06-02;2022-06-02
High School DxD;https://animem.org/High_School_DxD;/img/anime_95.jpg;2022-06-02;2022-06-02
High School Fleet;https://animem.org/high-school-fleet;/img/anime_96.jpg;2022-06-02;2022-06-02
High Score Girl;https://animem.org/High_Score_Girl;/img/anime_97.jpg;2022-06-02;2022-06-02
Highschool of the Dead;https://animem.org/highschool-of-the-dead;/img/anime_98.jpg;2022-06-02;2022-06-02
Himouto! Umaru-chan;https://animem.org/himouto-umaru-chan;/img/anime_99.jpg;2022-06-02;2022-06-02
Horimiya;https://animem.org/horimiya;/img/anime_100.jpg;2022-06-02;2022-06-02
Hortensia Saga (TV);https://animem.org/hortensia-saga-tv;/img/anime_101.jpg;2022-06-02;2022-06-02
Hundred;https://animem.org/hundred;/img/anime_102.jpg;2022-06-02;2022-06-02
Hyakuren no Haou to Seiyaku no Valkyria;https://animem.org/hyakuren-no-haou-to-seiyaku-no-valkyria;/img/anime_103.jpg;2022-06-02;2022-06-02
Hyakka Ryouran: Samurai Girls;https://animem.org/hyakka-ryouran-samurai-girls;/img/anime_104.jpg;2022-06-02;2022-06-02
Hyouka;https://animem.org/hyouka;/img/anime_105.jpg;2022-06-02;2022-06-02
Ichiban Ushiro no Daimaou;https://animem.org/ichiban-ushiro-no-daimaou;/img/anime_106.jpg;2022-06-03;2022-06-03
IDOLiSH7;https://animem.org/idolish7;/img/anime_107.jpg;2022-06-03;2022-06-03
Idoly Pride;https://animem.org/idoly-pride;/img/anime_108.jpg;2022-06-03;2022-06-03
Ijiranaide, Nagatoro-san;https://animem.org/ijiranaide-nagatoro-san;/img/anime_109.jpg;2022-06-03;2022-06-03
Ikkitousen;https://animem.org/ikkitousen;/img/anime_110.jpg;2022-06-03;2022-06-03
Imawa no Kuni no Alice;https://animem.org/imawa-no-kuni-no-alice;/img/anime_111.jpg;2022-06-03;2022-06-03
Infinite Dendrogram;https://animem.org/infinite-dendrogram;/img/anime_112.jpg;2022-06-03;2022-06-03
Inu to Hasami wa Tsukaiyou;https://animem.org/inu-to-hasami-wa-tsukaiyou;/img/anime_113.jpg;2022-06-03;2022-06-03
Inu x Boku SS;https://animem.org/inu-x-boku-ss;/img/anime_114.jpg;2022-06-03;2022-06-03
InuYasha;https://animem.org/inuyasha;/img/anime_115.jpg;2022-06-03;2022-06-03
Irodorimidori;https://animem.org/Irodorimidori;/img/anime_116.jpg;2022-06-03;2022-06-03
IS: Infinite Stratos;https://animem.org/is-infinite-stratos;/img/anime_117.jpg;2022-06-03;2022-06-03
Isekai Cheat Magician;https://animem.org/isekai-cheat-magician;/img/anime_118.jpg;2022-06-03;2022-06-03
Isekai Izakaya: Koto Aitheria no Izakaya Nobu;https://animem.org/isekai-izakaya-koto-aitheria-no-izakaya-nobu;/img/anime_119.jpg;2022-06-03;2022-06-03
"	Isekai Maou to Shoukan Shoujo Dorei Majutsu";https://animem.org/isekai-maou-to-shoukan-shoujo-dorei-majutsu;/img/anime_120.jpg;2022-06-03;2022-06-03
Isekai Quartet;https://animem.org/isekai-quartet;/img/anime_121.jpg;2022-06-03;2022-06-03
Isekai wa Smartphone to Tomo ni;https://animem.org/isekai-wa-smartphone-to-tomo-ni;/img/anime_122.jpg;2022-06-03;2022-06-03
Ishuzoku Reviewers;https://animem.org/ishuzoku-reviewers;/img/anime_123.jpg;2022-06-03;2022-06-03
Island;https://animem.org/island;/img/anime_124.jpg;2022-06-03;2022-06-03
"	Isuca";https://animem.org/isuca;/img/anime_125.jpg;2022-06-03;2022-06-03
Itai no wa Iya nano de Bougyoryoku ni Kyokufuri Shitai to Omoimasu;https://animem.org/itai-no-wa-iya-nano-de-bougyoryoku-ni-kyokufuri-shitai-to-omoimasu;/img/anime_126.jpg;2022-06-03;2022-06-03
Itou Junji: Collection;https://animem.org/itou-junji-collection;/img/anime_127.jpg;2022-06-03;2022-06-03
Iwa Kakeru!: Sport Climbing Girls;https://animem.org/iwa-kakeru-sport-climbing-girls;/img/anime_128.jpg;2022-06-03;2022-06-03
Iya na Kao sare nagara Opantsu Misete Moraitai;https://animem.org/iya-na-kao-sare-nagara-opantsu-misete-moraitai;/img/anime_129.jpg;2022-06-03;2022-06-03
Itazura na Kiss;https://animem.org/itazura-na-kiss;/img/anime_130.jpg;2022-06-03;2022-06-03
Jahy-sama wa Kujikenai!;https://animem.org/jahy-sama-wa-kujikenai;/img/anime_131.jpg;2022-06-03;2022-06-03
Jaku-Chara Tomozaki-kun;https://animem.org/jaku-chara-tomozaki-kun;/img/anime_132.jpg;2022-06-03;2022-06-03
Jantama Pong☆;https://animem.org/Jantama_Pong%E2%98%86;/img/anime_133.jpg;2022-06-03;2022-06-03
Jashin-chan Dropkick;https://animem.org/jashin-chan-dropkick;/img/anime_134.jpg;2022-06-03;2022-06-03
Jibaku shounen Hanako-kun;https://animem.org/jibaku-shounen-hanako-kun;/img/anime_135.jpg;2022-06-03;2022-06-03
Jie Mo Ren;https://animem.org/jie-mo-ren;/img/anime_136.jpg;2022-06-03;2022-06-03
Jigoku Shoujo;https://animem.org/jigoku-shoujo;/img/anime_137.jpg;2022-06-03;2022-06-03
Jikan no Shihaisha;https://animem.org/jikan-no-shihaisha;/img/anime_138.jpg;2022-06-03;2022-06-03
Jitsu wa Watashi wa;https://animem.org/jitsu-wa-watashi-wa;/img/anime_139.jpg;2022-06-03;2022-06-03
Joshikousei no Mudazukai;https://animem.org/joshikousei-no-mudazukai;/img/anime_140.jpg;2022-06-03;2022-06-03
Jujutsu Kaisen;https://animem.org/jujutsu-kaisen;/img/anime_141.jpg;2022-06-03;2022-06-03
Juuni Taisen;https://animem.org/juuni-taisen;/img/anime_142.jpg;2022-06-03;2022-06-03
Kamisama ni Natta Hi;https://animem.org/kamisama-ni-natta-hi;/img/anime_143.jpg;2022-06-07;2022-06-07
Kamisama no Inai Nichiyoubi;https://animem.org/kamisama-no-inai-nichiyoubi;/img/anime_144.jpg;2022-06-07;2022-06-07
Kämpfer;https://animem.org/kampfer;/img/anime_145.jpg;2022-06-07;2022-06-07
Kanata no Astra;https://animem.org/kanata-no-astra;/img/anime_146.jpg;2022-06-07;2022-06-07
Kanojo ga Flag wo Oraretara;https://animem.org/kanojo-ga-flag-wo-oraretara;/img/anime_147.jpg;2022-06-07;2022-06-07
Kanojo mo Kanojo;https://animem.org/kanojo-mo-kanojo;/img/anime_148.jpg;2022-06-07;2022-06-07
Kaguya-sama wa Kokurasetai: Tensai-tachi no Renai Zunouseni series;https://animem.org/Kaguya-sama_wa_Kokurasetai_series;/img/anime_149.jpg;2022-06-07;2022-06-07
Kai Byoui Ramune;https://animem.org/kai-byoui-ramune;/img/anime_150.jpg;2022-06-07;2022-06-07
Kaichou wa Maid-sama!;https://animem.org/kaichou-wa-maid-sama;/img/anime_151.jpg;2022-06-07;2022-06-07
Kaifuku Jutsushi no Yarinaoshi;https://animem.org/kaifuku-jutsushi-no-yarinaoshi;/img/anime_152.jpg;2022-06-07;2022-06-07
Kaijin Kaihatsu-bu no Kuroitsu-san;https://animem.org/Kaijin_Kaihatsu-bu_no_Kuroitsu-san;/img/anime_153.jpg;2022-06-07;2022-06-07
Kakegurui;https://animem.org/kakegurui;/img/anime_154.jpg;2022-06-07;2022-06-07
Kaizoku Oujo;https://animem.org/kaizoku-oujo;/img/anime_155.jpg;2022-06-07;2022-06-07
Kakkou no Iinazuke;https://animem.org/Kakkou_no_Iinazuke;/img/anime_156.jpg;2022-06-07;2022-06-07
Kaleido Star;https://animem.org/kaleido-star;/img/anime_157.jpg;2022-06-07;2022-06-07
Kami no Tou;https://animem.org/kami-no-tou;/img/anime_158.jpg;2022-06-07;2022-06-07
Kami-tachi ni Hirowareta Otoko;https://animem.org/kami-tachi-ni-hirowareta-otoko;/img/anime_159.jpg;2022-06-07;2022-06-07
Kamisama Hajimemashita;https://animem.org/kamisama-hajimemashita;/img/anime_160.jpg;2022-06-07;2022-06-07
K-On!;https://animem.org/k-on;/img/anime_161.jpg;2022-06-07;2022-06-07
Kanojo, Okarishimasu;https://animem.org/kanojo-okarishimasu;/img/anime_162.jpg;2022-06-07;2022-06-07
Kanokon;https://animem.org/kanokon;/img/anime_163.jpg;2022-06-07;2022-06-07
Karakai Jouzu no Takagi-san;https://animem.org/karakai-jouzu-no-takagi-san;/img/anime_164.jpg;2022-06-07;2022-06-07
Karakuri Circus (TV);https://animem.org/karakuri-circus;/img/anime_165.jpg;2022-06-07;2022-06-07
Katanagatari;https://animem.org/katanagatari;/img/anime_166.jpg;2022-06-07;2022-06-07
Kateikyoushi Hitman Reborn!;https://animem.org/kateikyoushi-hitman-reborn;/img/anime_167.jpg;2022-06-07;2022-06-07
Katsute Kami Datta Kemono-tachi e;https://animem.org/katsute-kami-datta-kemono-tachi-e;/img/anime_168.jpg;2022-06-07;2022-06-07
Kawaii dake ja Nai Shikimori-san;https://animem.org/Kawaii_dake_ja_Nai_Shikimori-san;/img/anime_169.jpg;2022-06-07;2022-06-07
Kawaikereba Hentai demo Suki ni Natte Kuremasu ka?;https://animem.org/kawaikereba-hentai-demo-suki-ni-natte-kuremasu-ka;/img/anime_170.jpg;2022-06-07;2022-06-07
Keijo!!!!!!!!;https://animem.org/keijo;/img/anime_171.jpg;2022-06-07;2022-06-07
Kekkai Sensen;https://animem.org/kekkai-sensen;/img/anime_172.jpg;2022-06-07;2022-06-07
Kemono Jihen;https://animem.org/kemono-jihen;/img/anime_173.jpg;2022-06-07;2022-06-07
Ken En Ken: Aoki Kagayaki;https://animem.org/ken-en-ken-aoki-kagayaki;/img/anime_174.jpg;2022-06-07;2022-06-07
Kenja no Deshi wo Nanoru Kenja;https://animem.org/kenja-no-deshi-wo-nanoru-kenja;/img/anime_175.jpg;2022-06-07;2022-06-07
Kenja no Mago;https://animem.org/kenja-no-mago;/img/anime_176.jpg;2022-06-07;2022-06-07
Kill la Kill;https://animem.org/kill-la-kill;/img/anime_177.jpg;2022-06-07;2022-06-07
Killing Bites;https://animem.org/killing-bites;/img/anime_178.jpg;2022-06-07;2022-06-07
Kimetsu no Yaiba;https://animem.org/kimetsu-no-yaiba;/img/anime_179.jpg;2022-06-07;2022-06-07
Kimi ni Todoke;https://animem.org/kimi-ni-todoke;/img/anime_180.jpg;2022-06-07;2022-06-07
Kimi no Iru Machi;https://animem.org/kimi-no-iru-machi;/img/anime_181.jpg;2022-06-07;2022-06-07
Kimi no Na wa;https://animem.org/kimi-no-na-wa;/img/anime_182.jpg;2022-06-07;2022-06-07
Kimi to Boku no Saigo no Senjou, Aruiwa Sekai ga Hajimaru Seisen;https://animem.org/kimi-to-boku-no-saigo-no-senjou-aruiwa-sekai-ga-hajimaru-seisen;/img/anime_183.jpg;2022-06-07;2022-06-07
Kimi wa Kanata;https://animem.org/kimi-wa-kanata;/img/anime_184.jpg;2022-06-07;2022-06-07
King's Raid: Ishi wo Tsugumono-tachi;https://animem.org/kings-raid-ishi-wo-tsugumono-tachi;/img/anime_185.jpg;2022-06-07;2022-06-07
Kingdom Series;https://animem.org/Kingdom_Series;/img/anime_186.jpg;2022-06-07;2022-06-07
Kiniro Mosaic;https://animem.org/kiniro-mosaic;/img/anime_187.jpg;2022-06-07;2022-06-07
Kishuku Gakkou no Juliet;https://animem.org/kishuku-gakkou-no-juliet;/img/anime_188.jpg;2022-06-07;2022-06-07
Kiss x Sis (TV) Series;https://animem.org/Kiss_x_Sis_(TV)_Series;/img/anime_189.jpg;2022-06-07;2022-06-07
Kiznaiver;https://animem.org/kiznaiver;/img/anime_190.jpg;2022-06-07;2022-06-07
Knight's & Magic;https://animem.org/knights-magic;/img/anime_191.jpg;2022-06-07;2022-06-07
Kobayashi-san Chi no Maid Dragon;https://animem.org/kobayashi-san-chi-no-maid-dragon;/img/anime_192.jpg;2022-06-07;2022-06-07
Koi to Producer: EVOL x LOVE;https://animem.org/koi-to-producer-evol-x-love;/img/anime_193.jpg;2022-06-07;2022-06-07
Koi to Uso;https://animem.org/Koi_to_Uso;/img/anime_194.jpg;2022-06-07;2022-06-07
Koi to Yobu ni wa Kimochi Warui;https://animem.org/koi-to-yobu-ni-wa-kimochi-warui;/img/anime_195.jpg;2022-06-07;2022-06-07
Koi wa Sekai Seifuku no Ato de;https://animem.org/Koi_wa_Sekai_Seifuku_no_Ato_de;/img/anime_196.jpg;2022-06-07;2022-06-07
Komi-san wa, Comyushou desu. Series;https://animem.org/Komi-san_wa,_Comyushou_desu._Series;/img/anime_197.jpg;2022-06-07;2022-06-07
Kono Bijutsubu ni wa Mondai ga Aru!;https://animem.org/kono-bijutsubu-ni-wa-mondai-ga-aru;/img/anime_198.jpg;2022-06-07;2022-06-07
Kono Healer, Mendokusai;https://animem.org/Kono_Healer,_Mendokusai;/img/anime_199.jpg;2022-06-07;2022-06-07
Kono oto Tomare;https://animem.org/kono-oto-tomare;/img/anime_200.jpg;2022-06-07;2022-06-07
Kono Subarashii Sekai ni Shukufuku wo!;https://animem.org/kono-subarashii-sekai-ni-shukufuku-wo;/img/anime_201.jpg;2022-06-07;2022-06-07
Kono Yo no Hate de Koi wo Utau Shoujo YU-NO;https://animem.org/kono-yo-no-hate-de-koi-wo-utau-shoujo-yu-no;/img/anime_202.jpg;2022-06-07;2022-06-07
Kimi no Suizou wo Tabetai;https://animem.org/kimi-no-suizou-wo-tabetai;/img/anime_203.jpg;2022-06-07;2022-06-07
Konohana Kitan;https://animem.org/konohana-kitan;/img/anime_204.jpg;2022-06-07;2022-06-07
Kore wa Zombie Desu ka?;https://animem.org/kore-wa-zombie-desu-ka;/img/anime_205.jpg;2022-06-07;2022-06-07
Koroshi Ai;https://animem.org/Koroshi_Ai;/img/anime_206.jpg;2022-06-07;2022-06-07
Koukaku Kidoutai: Stand Alone Complex;https://animem.org/koukaku-kidoutai-stand-alone-complex;/img/anime_207.jpg;2022-06-07;2022-06-07
Koukyoushihen Eureka Seven;https://animem.org/koukyoushihen-eureka-seven;/img/anime_208.jpg;2022-06-07;2022-06-07
Koutetsujou no Kabaneri;https://animem.org/koutetsujou-no-kabaneri;/img/anime_209.jpg;2022-06-07;2022-06-07
Kuma Kuma Kuma Bear;https://animem.org/kuma-kuma-kuma-bear;/img/anime_210.jpg;2022-06-07;2022-06-07
Kumo Desu ga, Nani ka?;https://animem.org/kumo-desu-ga-nani-ka;/img/anime_211.jpg;2022-06-07;2022-06-07
Kunoichi Tsubaki no Mune no Uchi;https://animem.org/Kunoichi_Tsubaki_no_Mune_no_Uchi;/img/anime_212.jpg;2022-06-07;2022-06-07
Kuroko no Basket;https://animem.org/kuroko-no-basket;/img/anime_213.jpg;2022-06-07;2022-06-07
Kuroshitsuji;https://animem.org/kuroshitsuji;/img/anime_214.jpg;2022-06-07;2022-06-07
Kurozuka;https://animem.org/kurozuka;/img/anime_215.jpg;2022-06-07;2022-06-07
Kuusen Madoushi Kouhosei no Kyoukan;https://animem.org/kuusen-madoushi-kouhosei-no-kyoukan;/img/anime_216.jpg;2022-06-07;2022-06-07
Kuzu no Honkai;https://animem.org/kuzu-no-honkai;/img/anime_217.jpg;2022-06-07;2022-06-07
Kyokou Suiri;https://animem.org/kyokou-suiri;/img/anime_218.jpg;2022-06-07;2022-06-07
Kyou kara Maou!;https://animem.org/kyou-kara-maou;/img/anime_219.jpg;2022-06-07;2022-06-07
youkai no Kanata;https://animem.org/kyoukai-no-kanata;/img/anime_220.jpg;2022-06-07;2022-06-07
Kyoukai Senki Series;https://animem.org/Kyoukai_Senki_Series;/img/anime_221.jpg;2022-06-07;2022-06-07
Kyoukaisenjou no Horizon;https://animem.org/kyoukaisenjou-no-horizon;/img/anime_222.jpg;2022-06-07;2022-06-07
Kyuuketsuki Sugu Shinu;https://animem.org/kyuuketsuki-sugu-shinu;/img/anime_223.jpg;2022-06-07;2022-06-07
Kyuukyoku Shinka shita Full Dive RPG ga Genjitsu yori mo Kusoge Dattara;https://animem.org/kyuukyoku-shinka-shita-full-dive-rpg-ga-genjitsu-yori-mo-kusoge-dattara;/img/anime_224.jpg;2022-06-07;2022-06-07
Lapis Re:LiGHTs;https://animem.org/lapis-relights;/img/anime_225.jpg;2022-06-08;2022-06-08
Leadale no Daichi nite;https://animem.org/leadale-no-daichi-nite;/img/anime_226.jpg;2022-06-08;2022-06-08
Lie Huo Jiao Chou;https://animem.org/lie-huo-jiao-chou;/img/anime_227.jpg;2022-06-08;2022-06-08
Ling Yu;https://animem.org/ling-yu;/img/anime_228.jpg;2022-06-08;2022-06-08
Listeners;https://animem.org/listeners;/img/anime_229.jpg;2022-06-08;2022-06-08
Little Witch Academia (TV);https://animem.org/little-witch-academia-tv;/img/anime_230.jpg;2022-06-08;2022-06-08
Log Horizon;https://animem.org/log-horizon;/img/anime_231.jpg;2022-06-08;2022-06-08
Love All Play;https://animem.org/Love_All_Play;/img/anime_232.jpg;2022-06-08;2022-06-08
Love Hina;https://animem.org/love-hina;/img/anime_233.jpg;2022-06-08;2022-06-08
Love Lab;https://animem.org/love-lab;/img/anime_234.jpg;2022-06-08;2022-06-08
Love Live! School Idol Project Series;https://animem.org/Love_Live_School_Idol_Project_Series;/img/anime_235.jpg;2022-06-08;2022-06-08
Lovely★Complex;https://animem.org/lovely-complex;/img/anime_236.jpg;2022-06-08;2022-06-08
Machikado Mazoku Series;https://animem.org/Machikado_Mazoku_Series;/img/anime_237.jpg;2022-06-08;2022-06-08
Machine-Doll wa Kizutsukanai;https://animem.org/machine-doll-wa-kizutsukanai;/img/anime_238.jpg;2022-06-08;2022-06-08
Madan no Ou to Vanadis;https://animem.org/madan-no-ou-to-vanadis;/img/anime_239.jpg;2022-06-08;2022-06-08
Made in Abyss;https://animem.org/made-in-abyss;/img/anime_240.jpg;2022-06-08;2022-06-08
Magi: The Kingdom of Magic;https://animem.org/magi;/img/anime_241.jpg;2022-06-08;2022-06-08
Mahou Sensou;https://animem.org/mahou-sensou;/img/anime_242.jpg;2022-06-08;2022-06-08
Mahou Shoujo Madoka Magica;https://animem.org/mahou-shoujo-madoka-magica;/img/anime_243.jpg;2022-06-08;2022-06-08
Mahou Shoujo Site;https://animem.org/mahou-shoujo-site;/img/anime_244.jpg;2022-06-08;2022-06-08
Mahou Shoujo Tokushusen Asuka;https://animem.org/mahou-shoujo-tokushusen-asuka;/img/anime_245.jpg;2022-06-08;2022-06-08
Mahouka Koukou no Rettousei;https://animem.org/mahouka-koukou-no-rettousei;/img/anime_246.jpg;2022-06-08;2022-06-08
Mahoutsukai no Yome;https://animem.org/mahou-tsukai-no-yome;/img/anime_247.jpg;2022-06-08;2022-06-08
Mahoutsukai Reimeiki;https://animem.org/Mahoutsukai_Reimeiki;/img/anime_248.jpg;2022-06-08;2022-06-08
Mairimashita! Iruma-kun;https://animem.org/mairimashita-iruma-kun;/img/anime_249.jpg;2022-06-08;2022-06-08
Maji de Watashi ni Koi Shinasai!;https://animem.org/maji-de-watashi-ni-koi-shinasai;/img/anime_250.jpg;2022-06-08;2022-06-08
Majo no Tabitabi;https://animem.org/majo-no-tabitabi;/img/anime_251.jpg;2022-06-08;2022-06-08
Majutsushi Orphen Hagure Tabi;https://animem.org/majutsushi-orphen-hagure-tabi;/img/anime_252.jpg;2022-06-08;2022-06-08
Maken-Ki!;https://animem.org/maken-ki;/img/anime_253.jpg;2022-06-08;2022-06-08
Maou Gakuin no Futekigousha: Shijou Saikyou no Maou no Shiso, Tensei shite Shison-tachi no Gakkou e;https://animem.org/maou-gakuin-no-futekigousha-shijou-saikyou-no-maou-no-shiso-tensei-shite-shison-tachi-no-gakkou-e;/img/anime_254.jpg;2022-06-08;2022-06-08
Maou-sama, Retry!;https://animem.org/maou-sama-retry;/img/anime_255.jpg;2022-06-08;2022-06-08
Masamune-kun no Revenge;https://animem.org/masamune-kuns-revenge;/img/anime_256.jpg;2022-06-08;2022-06-08
Mashiro no Oto;https://animem.org/mashiro-no-oto;/img/anime_257.jpg;2022-06-08;2022-06-08
Mashiro-iro Symphony The Color of Lovers;https://animem.org/mashiro-iro-symphony-the-color-of-lovers;/img/anime_258.jpg;2022-06-08;2022-06-08
Masou Gakuen HxH;https://animem.org/masou-gakuen-hxh;/img/anime_259.jpg;2022-06-08;2022-06-08
Megami-ryou no Ryoubo-kun.;https://animem.org/megami-ryou-no-ryoubo-kun;/img/anime_260.jpg;2022-06-08;2022-06-08
Meikyuu Black Company;https://animem.org/meikyuu-black-company;/img/anime_261.jpg;2022-06-08;2022-06-08
Mieruko-chan;https://animem.org/mieruko-chan;/img/anime_262.jpg;2022-06-08;2022-06-08
Miira no Kaikata;https://animem.org/miira-no-kaikata;/img/anime_263.jpg;2022-06-08;2022-06-08
Mimi wo Sumaseba;https://animem.org/Mimi_wo_Sumaseba;/img/anime_264.jpg;2022-06-08;2022-06-08
Mirai Nikki;https://animem.org/mirai-nikki;/img/anime_265.jpg;2022-06-08;2022-06-08
Momokuri;https://animem.org/Momokuri;/img/anime_266.jpg;2022-06-08;2022-06-08
Mondaiji-tachi ga Isekai kara Kuru Sou Desu yo?;https://animem.org/mondaiji-tachi-ga-isekai-kara-kuru-sou-desu-yo;/img/anime_267.jpg;2022-06-08;2022-06-08
Monster Musume no Iru Nichijou;https://animem.org/monster-musume-no-iru-nichijou;/img/anime_268.jpg;2022-06-08;2022-06-08
Monster Musume no Oishasan;https://animem.org/monster-musume-no-oishasan;/img/anime_269.jpg;2022-06-08;2022-06-08
Moretsu Pirates;https://animem.org/moretsu-pirates;/img/anime_270.jpg;2022-06-08;2022-06-08
Munou na Nana;https://animem.org/munou-na-nana;/img/anime_271.jpg;2022-06-08;2022-06-08
Musaigen no Phantom World;https://animem.org/musaigen-no-phantom-world;/img/anime_272.jpg;2022-06-08;2022-06-08
Mushoku Tensei: Isekai Ittara Honki Dasu;https://animem.org/mushoku-tensei-isekai-ittara-honki-dasu;/img/anime_273.jpg;2022-06-08;2022-06-08
Muv-Luv Alternative: Total Eclipse;https://animem.org/muv-luv-alternative-total-eclipse;/img/anime_274.jpg;2022-06-08;2022-06-08
Nagato Yuki-chan no Shoushitsu;https://animem.org/nagato-yuki-chan-no-shoushitsu;/img/anime_275.jpg;2022-06-09;2022-06-09
Nagi no Asukara;https://animem.org/nagi-no-asukara;/img/anime_276.jpg;2022-06-09;2022-06-09
Nakitai Watashi wa Neko wo Kaburu;https://animem.org/nakitai-watashi-wa-neko-wo-kaburu;/img/anime_277.jpg;2022-06-09;2022-06-09
Namiuchigiwa no Muromi-san;https://animem.org/namiuchigiwa-no-muromi-san;/img/anime_278.jpg;2022-06-09;2022-06-09
Nana;https://animem.org/nana;/img/anime_279.jpg;2022-06-09;2022-06-09
Nanatsu no Taizai Series;https://animem.org/Nanatsu_no_Taizai_Series;/img/anime_280.jpg;2022-06-09;2022-06-09
Nanbaka;https://animem.org/nanbaka;/img/anime_281.jpg;2022-06-09;2022-06-09
Nande Koko ni Sensei ga!?;https://animem.org/nande-koko-ni-sensei-ga;/img/anime_282.jpg;2022-06-09;2022-06-09
Naruto Series;https://animem.org/Naruto_Series;/img/anime_283.jpg;2022-06-09;2022-06-09
Nazo no Kanojo X;https://animem.org/nazo-no-kanojo-x;/img/anime_284.jpg;2022-06-09;2022-06-09
Nejimaki Seirei Senki: Tenkyou no Alderamin;https://animem.org/nejimaki-seirei-senki-tenkyou-no-alderamin;/img/anime_285.jpg;2022-06-09;2022-06-09
Neko Neko Fantasia;https://animem.org/Neko_Neko_Fantasia;/img/anime_286.jpg;2022-06-09;2022-06-09
Nekopara;https://animem.org/nekopara;/img/anime_287.jpg;2022-06-09;2022-06-09
Neon Genesis Evangelion;https://animem.org/neon-genesis-evangelion;/img/anime_288.jpg;2022-06-09;2022-06-09
Nerima Daikon Brothers;https://animem.org/nerima-daikon-brothers;/img/anime_289.jpg;2022-06-09;2022-06-09
Nichijou;https://animem.org/nichijou;/img/anime_290.jpg;2022-06-09;2022-06-09
Night Head Genesis;https://animem.org/night-head-genesis;/img/anime_291.jpg;2022-06-09;2022-06-09
Nisekoi;https://animem.org/nisekoi;/img/anime_292.jpg;2022-06-09;2022-06-09
No Game No Life;https://animem.org/no-game-no-life;/img/anime_293.jpg;2022-06-09;2022-06-09
No Guns Life;https://animem.org/no-guns-life;/img/anime_294.jpg;2022-06-09;2022-06-09
Noblesse;https://animem.org/noblesse;/img/anime_295.jpg;2022-06-09;2022-06-09
Nobunaga The Fool;https://animem.org/nobunaga-the-fool;/img/anime_296.jpg;2022-06-09;2022-06-09
Nodame Cantabile;https://animem.org/nodame-cantabile;/img/anime_297.jpg;2022-06-09;2022-06-09
Non Non Biyori;https://animem.org/Non_Non_Biyori;/img/anime_298.jpg;2022-06-09;2022-06-09
Noragami;https://animem.org/noragami;/img/anime_299.jpg;2022-06-09;2022-06-09
Nu Wushen de Canzhuo;https://animem.org/nu-wushen-de-canzhuo;/img/anime_300.jpg;2022-06-09;2022-06-09
Nurarihyon no Mago;https://animem.org/nurarihyon-no-mago;/img/anime_301.jpg;2022-06-09;2022-06-09
Nyan Koi!;https://animem.org/nyan-koi;/img/anime_302.jpg;2022-06-09;2022-06-09
Nyanko Days;https://animem.org/nyanko-days;/img/anime_303.jpg;2022-06-09;2022-06-09
Ochikobore Fruit Tart;https://animem.org/ochikobore-fruit-tart;/img/anime_304.jpg;2022-06-10;2022-06-10
Oda Nobuna no Yabou;https://animem.org/oda-nobuna-no-yabou;/img/anime_305.jpg;2022-06-10;2022-06-10
Odd Taxi;https://animem.org/odd-taxi;/img/anime_306.jpg;2022-06-10;2022-06-10
Okusama ga Seitokaichou!;https://animem.org/okusama-ga-seitokaichou;/img/anime_307.jpg;2022-06-10;2022-06-10
Omamori Himari;https://animem.org/omamori-himari;/img/anime_308.jpg;2022-06-10;2022-06-10
Omoi, Omoware, Furi, Furare;https://animem.org/Omoi,_Omoware,_Furi,_Furare;/img/anime_309.jpg;2022-06-10;2022-06-10
Omoide no Marnie;https://animem.org/omoide-no-marnie;/img/anime_310.jpg;2022-06-10;2022-06-10
One Piece;https://animem.org/one-piece;/img/anime_311.jpg;2022-06-10;2022-06-10
One Punch Man;https://animem.org/one-punch-man;/img/anime_312.jpg;2022-06-10;2022-06-10
Onsen Yousei Hakone-chan;https://animem.org/onsen-yousei-hakone-chan;/img/anime_313.jpg;2022-06-10;2022-06-10
Ookami Kodomo no Ame to Yuki;https://animem.org/Ookami_Kodomo_no_Ame_to_Yuki;/img/anime_314.jpg;2022-06-10;2022-06-10
Ookami Shoujo to Kuro Ouji;https://animem.org/ookami-shoujo-to-kuro-ouji;/img/anime_315.jpg;2022-06-10;2022-06-10
Orange;https://animem.org/orange;/img/anime_316.jpg;2022-06-10;2022-06-10
Ore dake Haireru Kakushi Dungeon;https://animem.org/ore-dake-haireru-kakushi-dungeon;/img/anime_317.jpg;2022-06-10;2022-06-10
Ore Monogatari!!;https://animem.org/ore-monogatari;/img/anime_318.jpg;2022-06-10;2022-06-10
Ore no Imouto ga Konnani Kawaii Wake ga Nai;https://animem.org/oreimo;/img/anime_319.jpg;2022-06-10;2022-06-10
Ore no Kanojo to Osananajimi ga Shuraba Sugiru;https://animem.org/Ore_no_Kanojo_to_Osananajimi_ga_Shuraba_Sugiru;/img/anime_320.jpg;2022-06-10;2022-06-10
Orient;https://animem.org/orient;/img/anime_321.jpg;2022-06-10;2022-06-10
Osake wa Fuufu ni Natte kara Series;https://animem.org/Osake_wa_Fuufu_ni_Natte_kara_Series;/img/anime_322.jpg;2022-06-10;2022-06-10
Osananajimi ga Zettai ni Makenai Love Comedy;https://animem.org/osananajimi-ga-zettai-ni-makenai-love-comedy;/img/anime_323.jpg;2022-06-10;2022-06-10
Oshiete! Galko-chan;https://animem.org/Oshiete_Galko-chan;/img/anime_324.jpg;2022-06-10;2022-06-10
Hamefura;https://animem.org/hamefura;/img/anime_325.jpg;2022-06-10;2022-06-10
Otome Game Sekai wa Mob ni Kibishii Sekai desu;https://animem.org/Otome_Game_Sekai_wa_Mob_ni_Kibishii_Sekai_desu;/img/anime_326.jpg;2022-06-10;2022-06-10
Otome wa Boku ni Koishiteru;https://animem.org/otome-wa-boku-ni-koishiteru;/img/anime_327.jpg;2022-06-10;2022-06-10
Ousama Game The Animation;https://animem.org/ousama-game-the-animation;/img/anime_328.jpg;2022-06-10;2022-06-10
Ousama Ranking;https://animem.org/ousama-ranking;/img/anime_329.jpg;2022-06-10;2022-06-10
Overlord;https://animem.org/overlord;/img/anime_330.jpg;2022-06-10;2022-06-10
Owari no Seraph;https://animem.org/owari-no-seraph;/img/anime_331.jpg;2022-06-10;2022-06-10
Pandora Hearts;https://animem.org/pandora-hearts;/img/anime_332.jpg;2022-06-10;2022-06-10
Panty & Stocking with Garterbelt;https://animem.org/Panty_&_Stocking_with_Garterbelt;/img/anime_333.jpg;2022-06-10;2022-06-10
Paripi Koumei;https://animem.org/Paripi_Koumei;/img/anime_334.jpg;2022-06-10;2022-06-10
Peach Boy Riverside;https://animem.org/peach-boy-riverside;/img/anime_335.jpg;2022-06-10;2022-06-10
Penguin Highway;https://animem.org/penguin-highway;/img/anime_336.jpg;2022-06-10;2022-06-10
Persona: Trinity Soul;https://animem.org/persona-trinity-soul;/img/anime_337.jpg;2022-06-10;2022-06-10
Peter Grill to Kenja no Jikan;https://animem.org/peter-grill-to-kenja-no-jikan;/img/anime_338.jpg;2022-06-10;2022-06-10
Phantom in the Twilight;https://animem.org/phantom-in-the-twilight;/img/anime_339.jpg;2022-06-10;2022-06-10
Phantom Requiem for the Phantom;https://animem.org/phantom-requiem-for-the-phantom;/img/anime_340.jpg;2022-06-10;2022-06-10
Plastic Memories;https://animem.org/plastic-memories;/img/anime_341.jpg;2022-06-10;2022-06-10
Platinum End;https://animem.org/platinum-end;/img/anime_342.jpg;2022-06-10;2022-06-10
Plunderer;https://animem.org/plunderer;/img/anime_343.jpg;2022-06-10;2022-06-10
Princess Connect! Re:Dive;https://animem.org/princess-connect-redive;/img/anime_344.jpg;2022-06-10;2022-06-10
Princess Nine: Kisaragi Joshikou Yakyuubu;https://animem.org/princess-nine-kisaragi-joshikou-yakyuubu;/img/anime_345.jpg;2022-06-10;2022-06-10
Princess Principal;https://animem.org/princess-principal;/img/anime_346.jpg;2022-06-10;2022-06-10
Prison School;https://animem.org/prison-school;/img/anime_347.jpg;2022-06-10;2022-06-10
Promare;https://animem.org/promare;/img/anime_348.jpg;2022-06-10;2022-06-10
Psycho-Pass;https://animem.org/psycho-pass;/img/anime_349.jpg;2022-06-10;2022-06-10
Puraore! Pride of Orange;https://animem.org/puraore-pride-of-orange;/img/anime_350.jpg;2022-06-10;2022-06-10
Qualidea Code;https://animem.org/qualidea-code;/img/anime_351.jpg;2022-06-10;2022-06-10
Quanzhi Fashi;https://animem.org/quanzhi-fashi;/img/anime_352.jpg;2022-06-10;2022-06-10
Quanzhi Gaoshou;https://animem.org/quanzhi-gaoshou;/img/anime_353.jpg;2022-06-10;2022-06-10
R.O.D: The TV;https://animem.org/r-o-d-the-tv;/img/anime_354.jpg;2022-06-10;2022-06-10
Radiant;https://animem.org/radiant;/img/anime_355.jpg;2022-06-10;2022-06-10
Rail Romanesque;https://animem.org/rail-romanesque;/img/anime_356.jpg;2022-06-10;2022-06-10
Rail Wars!;https://animem.org/rail-wars;/img/anime_357.jpg;2022-06-10;2022-06-10
Rakudai Kishi no Cavalry;https://animem.org/rakudai-kishi-no-cavalry;/img/anime_358.jpg;2022-06-10;2022-06-10
Re-Main;https://animem.org/re-main;/img/anime_359.jpg;2022-06-10;2022-06-10
Re:Creators;https://animem.org/recreators;/img/anime_360.jpg;2022-06-10;2022-06-10
Re:Zero kara Hajimeru Isekai Seikatsu;https://animem.org/rezero-kara-hajimeru-isekai-seikatsu;/img/anime_361.jpg;2022-06-10;2022-06-10
ReLIFE;https://animem.org/relife;/img/anime_362.jpg;2022-06-10;2022-06-10
Renai Boukun;https://animem.org/Renai_Boukun;/img/anime_363.jpg;2022-06-10;2022-06-10
Rewrite;https://animem.org/rewrite;/img/anime_364.jpg;2022-06-10;2022-06-10
Rikei ga Koi ni Ochita no de Shoumei shitemita;https://animem.org/rikei-ga-koi-ni-ochita-no-de-shoumei-shitemita;/img/anime_365.jpg;2022-06-10;2022-06-10
Rokka no Yuusha;https://animem.org/rokka-no-yuusha;/img/anime_366.jpg;2022-06-10;2022-06-10
Rokudenashi Majutsu Koushi to Akashic Records;https://animem.org/rokudenashi-majutsu-koushi-to-akashic-records;/img/anime_367.jpg;2022-06-10;2022-06-10
Rosario to Vampire;https://animem.org/rosario-to-vampire;/img/anime_368.jpg;2022-06-10;2022-06-10
RPG Fudousan;https://animem.org/RPG_Fudousan;/img/anime_369.jpg;2022-06-10;2022-06-10
Rurouni Kenshin: Meiji Kenkaku Romantan Series;https://animem.org/Rurouni_Kenshin:_Meiji_Kenkaku_Romantan_Series;/img/anime_370.jpg;2022-06-10;2022-06-10
Ryman's Club;https://animem.org/Ryman_s_Club;/img/anime_371.jpg;2022-06-10;2022-06-10
Ryuu to Sobakasu no Hime;https://animem.org/Ryuu_to_Sobakasu_no_Hime;/img/anime_372.jpg;2022-06-10;2022-06-10
Ryuugajou Nanana no Maizoukin (TV);https://animem.org/ryuugajou-nanana-no-maizoukin-tv;/img/anime_373.jpg;2022-06-10;2022-06-10
Sabiiro no Armor: Reimei;https://animem.org/Sabiiro_no_Armor:_Reimei;/img/anime_374.jpg;2022-06-13;2022-06-13
Sabikui Bisco;https://animem.org/sabikui-bisco;/img/anime_375.jpg;2022-06-13;2022-06-13
Saenai Heroine no Sodatekata Series;https://animem.org/Saenai_Heroine_no_Sodatekata_Series;/img/anime_376.jpg;2022-06-13;2022-06-13
Saihate no Paladin;https://animem.org/saihate-no-paladin;/img/anime_377.jpg;2022-06-13;2022-06-13
Saiki Kusuo no Ψ-nan;https://animem.org/saiki-kusuo-no-nan;/img/anime_378.jpg;2022-06-13;2022-06-13
Saiyuuki Reload Series;https://animem.org/Saiyuuki_Reload_Series;/img/anime_379.jpg;2022-06-13;2022-06-13
Sakamoto desu ga?;https://animem.org/sakamoto-desu-ga;/img/anime_380.jpg;2022-06-13;2022-06-13
Sakasama no Patema;https://animem.org/sakasama-no-patema;/img/anime_381.jpg;2022-06-13;2022-06-13
Sakugan;https://animem.org/sakugan;/img/anime_382.jpg;2022-06-13;2022-06-13
Sakura Trick;https://animem.org/sakura-trick;/img/anime_383.jpg;2022-06-13;2022-06-13
Sakura-sou no Pet na Kanojo;https://animem.org/sakura-sou-no-pet-na-kanojo;/img/anime_384.jpg;2022-06-13;2022-06-13
Sakurako-san no Ashimoto ni wa Shitai ga Umatteiru;https://animem.org/sakurako-san-no-ashimoto-ni-wa-shitai-ga-umatteiru;/img/anime_385.jpg;2022-06-13;2022-06-13
Sasaki to Miyano;https://animem.org/Sasaki_to_Miyano;/img/anime_386.jpg;2022-06-13;2022-06-13
Satsuriku no Tenshi;https://animem.org/satsuriku-no-tenshi;/img/anime_387.jpg;2022-06-13;2022-06-13
Sayonara no Asa ni Yakusoku no Hana wo Kazarou;https://animem.org/Sayonara_no_Asa_ni_Yakusoku_no_Hana_wo_Kazarou;/img/anime_388.jpg;2022-06-13;2022-06-13
Sayonara Watashi no Cramer;https://animem.org/sayonara-watashi-no-cramer;/img/anime_389.jpg;2022-06-13;2022-06-13
Scarlet Nexus;https://animem.org/scarlet-nexus;/img/anime_390.jpg;2022-06-13;2022-06-13
Schoolgirl Strikers;https://animem.org/schoolgirl-strikers;/img/anime_391.jpg;2022-06-13;2022-06-13
Seijo no Maryoku wa Bannou Desu;https://animem.org/seijo-no-maryoku-wa-bannou-desu;/img/anime_392.jpg;2022-06-13;2022-06-13
Seiken no Blacksmith;https://animem.org/seiken-no-blacksmith;/img/anime_393.jpg;2022-06-13;2022-06-13
Seikoku no Dragonar;https://animem.org/seikoku-no-dragonar;/img/anime_394.jpg;2022-06-13;2022-06-13
Seikon no Qwaser;https://animem.org/seikon-no-qwaser;/img/anime_395.jpg;2022-06-13;2022-06-13
Seirei Gensouki;https://animem.org/seirei-gensouki;/img/anime_396.jpg;2022-06-13;2022-06-13
Seirei Tsukai no Blade Dance;https://animem.org/seirei-tsukai-no-blade-dance;/img/anime_397.jpg;2022-06-13;2022-06-13
Seiren;https://animem.org/seiren;/img/anime_398.jpg;2022-06-13;2022-06-13
Seishun Buta Yarou wa Bunny Girl Senpai no Yume wo Minai;https://animem.org/seishun-buta-yarou-wa-bunny-girl-senpai-no-yume-wo-minai;/img/anime_399.jpg;2022-06-13;2022-06-13
Seitokai no Ichizon;https://animem.org/seitokai-no-ichizon;/img/anime_400.jpg;2022-06-13;2022-06-13
Seitokai Yakuindomo;https://animem.org/seitokai-yakuindomo;/img/anime_401.jpg;2022-06-13;2022-06-13
Sekai Saikou no Ansatsusha, Isekai Kizoku ni Tensei suru;https://animem.org/sekai-saikou-no-ansatsusha-isekai-kizoku-ni-tensei-suru;/img/anime_402.jpg;2022-06-13;2022-06-13
Sekirei;https://animem.org/sekirei;/img/anime_403.jpg;2022-06-13;2022-06-13
Selection Project;https://animem.org/selection-project;/img/anime_404.jpg;2022-06-13;2022-06-13
Sen to Chihiro no Kamikakushi;https://animem.org/sen-to-chihiro-no-kamikakushi;/img/anime_405.jpg;2022-06-13;2022-06-13
Sengoku Basara;https://animem.org/sengoku-basara;/img/anime_406.jpg;2022-06-13;2022-06-13
Senpai ga Uzai Kouhai no Hanashi;https://animem.org/senpai-ga-uzai-kouhai-no-hanashi;/img/anime_407.jpg;2022-06-13;2022-06-13
Senran Kagura;https://animem.org/senran-kagura;/img/anime_408.jpg;2022-06-13;2022-06-13
Sentouin, Hakenshimasu!;https://animem.org/sentouin-hakenshimasu;/img/anime_409.jpg;2022-06-13;2022-06-13
Seven Knights Revolution: Eiyuu no Keishousha;https://animem.org/seven-knights-revolution-eiyuu-no-keishousha;/img/anime_410.jpg;2022-06-13;2022-06-13
Sewayaki Kitsune no Senko-san;https://animem.org/sewayaki-kitsune-no-senko-san;/img/anime_411.jpg;2022-06-13;2022-06-13
Shachiku-san wa Youjo Yuurei ni Iyasaretai.;https://animem.org/Shachiku-san_wa_Youjo_Yuurei_ni_Iyasaretai.;/img/anime_412.jpg;2022-06-13;2022-06-13
Shachou, Battle no Jikan desu!;https://animem.org/shachou-battle-no-jikan-desu;/img/anime_413.jpg;2022-06-13;2022-06-13
Shadows House;https://animem.org/shadows-house;/img/anime_414.jpg;2022-06-13;2022-06-13
Shakugan no Shana;https://animem.org/shakugan-no-shana;/img/anime_415.jpg;2022-06-13;2022-06-13
Shakunetsu Kabaddi;https://animem.org/shakunetsu-kabaddi;/img/anime_416.jpg;2022-06-13;2022-06-13
Shaman King Series;https://animem.org/Shaman_King_Series;/img/anime_417.jpg;2022-06-13;2022-06-13
Shi Huang Zhi Shen;https://animem.org/Shi_Huang_Zhi_Shen;/img/anime_418.jpg;2022-06-13;2022-06-13
Shichisei no Subaru;https://animem.org/shichisei-no-subaru;/img/anime_419.jpg;2022-06-13;2022-06-13
Shigatsu wa Kimi no Uso;https://animem.org/shigatsu-wa-kimi-no-uso;/img/anime_420.jpg;2022-06-13;2022-06-13
Shijou Saikyou no Daimaou, Murabito A ni Tensei suru;https://animem.org/Shijou_Saikyou_no_Daimaou,_Murabito_A_ni_Tensei_suru;/img/anime_421.jpg;2022-06-13;2022-06-13
Shijou Saikyou no Deshi Kenichi;https://animem.org/shijou-saikyou-no-deshi-kenichi;/img/anime_422.jpg;2022-06-13;2022-06-13
Shikioriori;https://animem.org/shikioriori;/img/anime_423.jpg;2022-06-13;2022-06-13
Shikizakura;https://animem.org/shikizakura;/img/anime_424.jpg;2022-06-13;2022-06-13
Shikkakumon no Saikyou Kenja;https://animem.org/Shikkakumon_no_Saikyou_Kenja;/img/anime_425.jpg;2022-06-13;2022-06-13
Shimoneta to Iu Gainen ga Sonzai Shinai Taikutsu na Sekai;https://animem.org/shimoneta-to-iu-gainen-ga-sonzai-shinai-taikutsu-na-sekai;/img/anime_426.jpg;2022-06-13;2022-06-13
Shin Ikkitousen;https://animem.org/Shin_Ikkitousen;/img/anime_427.jpg;2022-06-13;2022-06-13
Shin no Nakama ja Nai to Yuusha no Party wo Oidasareta node, Henkyou de Slow Life suru Koto ni Shimashita;https://animem.org/shin-no-nakama-ja-nai-to-yuusha-no-party-wo-oidasareta-node-henkyou-de-slow-life-suru-koto-ni-shimashita;/img/anime_428.jpg;2022-06-13;2022-06-13
Shinchou Yuusha: Kono Yuusha ga Ore Tueee Kuse ni Shinchou Sugiru;https://animem.org/shinchou-yuusha-kono-yuusha-ga-ore-tueee-kuse-ni-shinchou-sugiru;/img/anime_429.jpg;2022-06-13;2022-06-13
Shingeki no Bahamut: Genesis;https://animem.org/shingeki-no-bahamut-genesis;/img/anime_430.jpg;2022-06-13;2022-06-13
Shingeki no Kyojin;https://animem.org/shingeki-no-kyojin;/img/anime_431.jpg;2022-06-13;2022-06-13
Shinigami Bocchan to Kuro Maid;https://animem.org/shinigami-bocchan-to-kuro-maid;/img/anime_432.jpg;2022-06-13;2022-06-13
Shinka no Mi: Shiranai Uchi ni Kachigumi Jinsei;https://animem.org/shinka-no-mi-shiranai-uchi-ni-kachigumi-jinsei;/img/anime_433.jpg;2022-06-13;2022-06-13
Shinmai Maou no Testament Series;https://animem.org/Shinmai_Maou_no_Testament_Series;/img/anime_434.jpg;2022-06-13;2022-06-13
Shirobako;https://animem.org/shirobako;/img/anime_435.jpg;2022-06-13;2022-06-13
Shiroi Suna no Aquatope;https://animem.org/shiroi-suna-no-aquatope;/img/anime_436.jpg;2022-06-13;2022-06-13
Shironeko Project: Zero Chronicle;https://animem.org/shironeko-project-zero-chronicle;/img/anime_437.jpg;2022-06-13;2022-06-13
Shokei Shoujo no Virgin Road;https://animem.org/Shokei_Shoujo_no_Virgin_Road;/img/anime_438.jpg;2022-06-13;2022-06-13
Shokugeki no Souma;https://animem.org/shokugeki-no-souma;/img/anime_439.jpg;2022-06-13;2022-06-13
Shoujo Kakumei Utena;https://animem.org/shoujo-kakumei-utena;/img/anime_440.jpg;2022-06-13;2022-06-13
Shoukoku no Altair;https://animem.org/shoukoku-no-altair;/img/anime_441.jpg;2022-06-13;2022-06-13
Show By Rock!!;https://animem.org/show-by-rock;/img/anime_442.jpg;2022-06-13;2022-06-13
Shuffle!;https://animem.org/Shuffle;/img/anime_443.jpg;2022-06-13;2022-06-13
Shuumatsu no Harem;https://animem.org/Shuumatsu_no_Harem;/img/anime_444.jpg;2022-06-13;2022-06-13
Sirius;https://animem.org/sirius;/img/anime_445.jpg;2022-06-13;2022-06-13
SK8 the Infinity;https://animem.org/sk8-the-infinity;/img/anime_446.jpg;2022-06-13;2022-06-13
Slayers;https://animem.org/slayers;/img/anime_447.jpg;2022-06-13;2022-06-13
Slime Taoshite 300-nen, Shiranai Uchi ni Level Max ni Nattemashita;https://animem.org/slime-taoshite-300-nen-shiranai-uchi-ni-level-max-ni-nattemashita;/img/anime_448.jpg;2022-06-13;2022-06-13
Slow Loop;https://animem.org/Slow_Loop;/img/anime_449.jpg;2022-06-13;2022-06-13
Somali to Mori no Kamisama;https://animem.org/somali-to-mori-no-kamisama;/img/anime_450.jpg;2022-06-13;2022-06-13
SoniAni: Super Sonico The Animation;https://animem.org/soniani-super-sonico-the-animation;/img/anime_451.jpg;2022-06-13;2022-06-13
Sono Bisque Doll wa Koi wo Suru;https://animem.org/sono-bisque-doll-wa-koi-wo-suru;/img/anime_452.jpg;2022-06-13;2022-06-13
Sora no Aosa wo Shiru Hito yo;https://animem.org/Sora_no_Aosa_wo_Shiru_Hito_yo;/img/anime_453.jpg;2022-06-13;2022-06-13
Sora no Otoshimono;https://animem.org/sora-no-otoshimono;/img/anime_454.jpg;2022-06-13;2022-06-13
Sorairo Utility;https://animem.org/Sorairo_Utility;/img/anime_455.jpg;2022-06-13;2022-06-13
Soul Eater;https://animem.org/soul-eater;/img/anime_456.jpg;2022-06-13;2022-06-13
Sounan Desu ka?;https://animem.org/Sounan_Desu_ka_;/img/anime_457.jpg;2022-06-13;2022-06-13
Sousei no Onmyouji;https://animem.org/sousei-no-onmyouji;/img/anime_458.jpg;2022-06-13;2022-06-13
Spiral: Suiri no Kizuna;https://animem.org/spiral-suiri-no-kizuna;/img/anime_459.jpg;2022-06-13;2022-06-13
Spy x Family;https://animem.org/Spy_x_Family;/img/anime_460.jpg;2022-06-13;2022-06-13
SSSS.Gridman;https://animem.org/ssss-gridman;/img/anime_461.jpg;2022-06-13;2022-06-13
Star Wars: Visions;https://animem.org/star-wars-visions;/img/anime_462.jpg;2022-06-13;2022-06-13
"Steins;Gate Series";"https://animem.org/Steins;Gate_Series";/img/anime_463.jpg;2022-06-13;2022-06-13
Stranger: Mukou Hadan;https://animem.org/stranger-mukou-hadan;/img/anime_464.jpg;2022-06-13;2022-06-13
Strike the Blood;https://animem.org/strike-the-blood;/img/anime_465.jpg;2022-06-13;2022-06-13
Strike Witches;https://animem.org/Strike_Witches;/img/anime_466.jpg;2022-06-13;2022-06-13
Subarashiki Kono Sekai The Animation;https://animem.org/subarashiki-kono-sekai-the-animation;/img/anime_467.jpg;2022-06-13;2022-06-13
Subete ga F ni Naru;https://animem.org/subete-ga-f-ni-naru;/img/anime_468.jpg;2022-06-13;2022-06-13
Suisei no Gargantia;https://animem.org/suisei-no-gargantia;/img/anime_469.jpg;2022-06-13;2022-06-13
Sukitte Ii na yo.;https://animem.org/sukitte-ii-na-yo;/img/anime_470.jpg;2022-06-13;2022-06-13
Summer Ghost;https://animem.org/summer-ghost;/img/anime_471.jpg;2022-06-13;2022-06-13
Summer Wars;https://animem.org/summer-wars;/img/anime_472.jpg;2022-06-13;2022-06-13
Summertime Render;https://animem.org/Summertime_Render;/img/anime_473.jpg;2022-06-13;2022-06-13
Sunohara-sou no Kanrinin-san;https://animem.org/sunohara-sou-no-kanrinin-san;/img/anime_474.jpg;2022-06-13;2022-06-13
Super Cub;https://animem.org/super-cub;/img/anime_475.jpg;2022-06-13;2022-06-13
Suteki na Okurimono;https://animem.org/Suteki_na_Okurimono;/img/anime_476.jpg;2022-06-13;2022-06-13
Suzumiya Haruhi no Yuuutsu;https://animem.org/suzumiya-haruhi-no-yuuutsu;/img/anime_477.jpg;2022-06-13;2022-06-13
Sword Art Online Series;https://animem.org/Sword_Art_Online_Series;/img/anime_478.jpg;2022-06-13;2022-06-13
Taboo-Tattoo;https://animem.org/taboo-tattoo;/img/anime_479.jpg;2022-06-14;2022-06-14
Tada-kun wa Koi wo Shinai;https://animem.org/tada-kun-wa-koi-wo-shinai;/img/anime_480.jpg;2022-06-14;2022-06-14
Taishou Otome Otogibanashi;https://animem.org/taishou-otome-otogibanashi;/img/anime_481.jpg;2022-06-14;2022-06-14
Takt Op. Destiny;https://animem.org/takt-op-destiny;/img/anime_482.jpg;2022-06-14;2022-06-14
Tales of Luminaria: The Fateful Crossroad;https://animem.org/Tales_of_Luminaria:_The_Fateful_Crossroad;/img/anime_483.jpg;2022-06-14;2022-06-14
Tales of Zestiria the Cross;https://animem.org/tales-of-zestiria-the-cross;/img/anime_484.jpg;2022-06-14;2022-06-14
Tamako Market;https://animem.org/tamako-market;/img/anime_485.jpg;2022-06-14;2022-06-14
Tantei wa Mou, Shindeiru.;https://animem.org/tantei-wa-mou-shindeiru;/img/anime_486.jpg;2022-06-14;2022-06-14
Tatakau Shisho: The Book of Bantorra;https://animem.org/tatakau-shisho-the-book-of-bantorra;/img/anime_487.jpg;2022-06-14;2022-06-14
Tate no Yuusha no Nariagari Series;https://animem.org/Tate_no_Yuusha_no_Nariagari_Series;/img/anime_488.jpg;2022-06-14;2022-06-14
Tatoeba Last Dungeon Mae no Mura no Shounen ga Joban no Machi de Kurasu Youna Monogatari;https://animem.org/tatoeba-last-dungeon-mae-no-mura-no-shounen-ga-joban-no-machi-de-kurasu-youna-monogatari;/img/anime_489.jpg;2022-06-14;2022-06-14
Tears to Tiara;https://animem.org/tears-to-tiara;/img/anime_490.jpg;2022-06-14;2022-06-14
Tejina-senpai;https://animem.org/tejina-senpai;/img/anime_491.jpg;2022-06-14;2022-06-14
Tenchi Souzou Design-bu;https://animem.org/tenchi-souzou-design-bu;/img/anime_492.jpg;2022-06-14;2022-06-14
Tengen Toppa Gurren Lagann;https://animem.org/tengen-toppa-gurren-lagann;/img/anime_493.jpg;2022-06-14;2022-06-14
Tenki no Ko;https://animem.org/tenki-no-ko;/img/anime_494.jpg;2022-06-14;2022-06-14
Tenkuu Shinpan;https://animem.org/tenkuu-shinpan;/img/anime_495.jpg;2022-06-14;2022-06-14
Tensai Ouji no Akaji Kokka Saisei Jutsu;https://animem.org/Tensai_Ouji_no_Akaji_Kokka_Saisei_Jutsu;/img/anime_496.jpg;2022-06-14;2022-06-14
Tensei Shitara Slime Datta Ken;https://animem.org/tensei-shitara-slime-datta-ken;/img/anime_497.jpg;2022-06-14;2022-06-14
Terra Formars;https://animem.org/terra-formars;/img/anime_498.jpg;2022-06-14;2022-06-14
Tesla Note;https://animem.org/tesla-note;/img/anime_499.jpg;2022-06-14;2022-06-14
The God of High School;https://animem.org/the-god-of-high-school;/img/anime_500.jpg;2022-06-14;2022-06-14
The iDOLM@STER Series;https://animem.org/The_iDOLM@STER_Series;/img/anime_501.jpg;2022-06-14;2022-06-14
To LOVE-Ru Series;https://animem.org/To_LOVE-Ru_Series;/img/anime_502.jpg;2022-06-14;2022-06-14
Toaru Kagaku no Railgun;https://animem.org/toaru-kagaku-no-railgun;/img/anime_503.jpg;2022-06-14;2022-06-14
Toaru Majutsu no Index;https://animem.org/toaru-majutsu-no-index;/img/anime_504.jpg;2022-06-14;2022-06-14
Toji no Miko;https://animem.org/toji-no-miko;/img/anime_505.jpg;2022-06-14;2022-06-14
Toki wo Kakeru Shoujo;https://animem.org/toki-wo-kakeru-shoujo;/img/anime_506.jpg;2022-06-14;2022-06-14
Tokyo 24-ku;https://animem.org/Tokyo_24-ku;/img/anime_507.jpg;2022-06-14;2022-06-14
Tokyo 7th Sisters: Bokura wa Aozora ni Naru;https://animem.org/Tokyo_7th_Sisters:_Bokura_wa_Aozora_ni_Naru;/img/anime_508.jpg;2022-06-14;2022-06-14
Tokyo Ghoul;https://animem.org/tokyo-ghoul;/img/anime_509.jpg;2022-06-14;2022-06-14
Tokyo Mew Mew;https://animem.org/tokyo-mew-mew;/img/anime_510.jpg;2022-06-14;2022-06-14
Tokyo Ravens;https://animem.org/tokyo-ravens;/img/anime_511.jpg;2022-06-14;2022-06-14
Tokyo Revengers;https://animem.org/Tokyo_Revengers;/img/anime_512.jpg;2022-06-14;2022-06-14
Tomodachi Game;https://animem.org/Tomodachi_Game;/img/anime_513.jpg;2022-06-14;2022-06-14
Tonari no Kaibutsu-kun;https://animem.org/tonari-no-kaibutsu-kun;/img/anime_514.jpg;2022-06-14;2022-06-14
Tonari no Totoro;https://animem.org/tonari-no-totoro;/img/anime_515.jpg;2022-06-14;2022-06-14
Tonikaku Kawaii;https://animem.org/tonikaku-kawaii;/img/anime_516.jpg;2022-06-14;2022-06-14
Toradora!;https://animem.org/toradora;/img/anime_517.jpg;2022-06-14;2022-06-14
Toriko;https://animem.org/toriko;/img/anime_518.jpg;2022-06-14;2022-06-14
Touken Ranbu: Hanamaru Series;https://animem.org/Touken_Ranbu:_Hanamaru_Series;/img/anime_519.jpg;2022-06-14;2022-06-14
Tribe Nine;https://animem.org/Tribe_Nine;/img/anime_520.jpg;2022-06-14;2022-06-14
Trigun;https://animem.org/trigun;/img/anime_521.jpg;2022-06-14;2022-06-14
Trinity Seven;https://animem.org/trinity-seven;/img/anime_522.jpg;2022-06-14;2022-06-14
True Tears;https://animem.org/true-tears;/img/anime_523.jpg;2022-06-14;2022-06-14
Tsugumomo;https://animem.org/tsugumomo;/img/anime_524.jpg;2022-06-14;2022-06-14
Tsuki ga Kirei;https://animem.org/tsuki-ga-kirei;/img/anime_525.jpg;2022-06-14;2022-06-14
Tsuki ga Michibiku Isekai Douchuu;https://animem.org/tsuki-ga-michibiku-isekai-douchuu;/img/anime_526.jpg;2022-06-14;2022-06-14
Tsuki to Laika to Nosferatu Series;https://animem.org/Tsuki_to_Laika_to_Nosferatu_Series;/img/anime_527.jpg;2022-06-14;2022-06-14
Tsurezure Children;https://animem.org/tsurezure-children;/img/anime_528.jpg;2022-06-14;2022-06-14
Tsuritama;https://animem.org/tsuritama;/img/anime_529.jpg;2022-06-14;2022-06-14
Udon no Kuni no Kiniro Kemari;https://animem.org/udon-no-kuni-no-kiniro-kemari;/img/anime_530.jpg;2022-06-15;2022-06-15
Ueno-san wa Bukiyou;https://animem.org/ueno-san-wa-bukiyou;/img/anime_531.jpg;2022-06-15;2022-06-15
Ulysses: Jehanne Darc to Renkin no Kishi;https://animem.org/Ulysses:_Jehanne_Darc_to_Renkin_no_Kishi;/img/anime_532.jpg;2022-06-15;2022-06-15
Uma Musume: Pretty Derby (TV);https://animem.org/uma-musume-pretty-derby-tv;/img/anime_533.jpg;2022-06-15;2022-06-15
Umibe No Étranger;https://animem.org/umibe-no-etranger;/img/anime_534.jpg;2022-06-15;2022-06-15
Under the Dog;https://animem.org/under-the-dog;/img/anime_535.jpg;2022-06-15;2022-06-15
UQ Holder!: Mahou Sensei Negima! 2;https://animem.org/uq-holder-mahou-sensei-negima-2;/img/anime_536.jpg;2022-06-15;2022-06-15
Uramichi Oniisan;https://animem.org/uramichi-oniisan;/img/anime_537.jpg;2022-06-15;2022-06-15
Urasekai Picnic;https://animem.org/urasekai-picnic;/img/anime_538.jpg;2022-06-15;2022-06-15
Usagi Drop;https://animem.org/Usagi_Drop;/img/anime_539.jpg;2022-06-15;2022-06-15
Ushio to Tora;https://animem.org/ushio-to-tora;/img/anime_540.jpg;2022-06-15;2022-06-15
Utawarerumono;https://animem.org/utawarerumono;/img/anime_541.jpg;2022-06-15;2022-06-15
Uzaki-chan wa Asobitai!;https://animem.org/uzaki-chan-wa-asobitai;/img/anime_542.jpg;2022-06-15;2022-06-15
Walkure Romanze;https://animem.org/walkure-romanze;/img/anime_543.jpg;2022-06-16;2022-06-16
Watashi ga Motenai no wa Dou Kangaetemo Omaera ga Warui!;https://animem.org/watashi-ga-motenai-no-wa-dou-kangaetemo-omaera-ga-warui;/img/anime_544.jpg;2022-06-16;2022-06-16
Watashi ni Tenshi ga Maiorita!;https://animem.org/watashi-ni-tenshi-ga-maiorita;/img/anime_545.jpg;2022-06-16;2022-06-16
White Album;https://animem.org/white-album;/img/anime_546.jpg;2022-06-16;2022-06-16
Witch Craft Works;https://animem.org/witch-craft-works;/img/anime_547.jpg;2022-06-16;2022-06-16
Wo de Ni Tian Shen Qi;https://animem.org/wo-de-ni-tian-shen-qi;/img/anime_548.jpg;2022-06-16;2022-06-16
Wolf's Rain;https://animem.org/wolfs-rain;/img/anime_549.jpg;2022-06-16;2022-06-16
Wonder Egg Priority;https://animem.org/wonder-egg-priority;/img/anime_550.jpg;2022-06-16;2022-06-16
Working!!;https://animem.org/working;/img/anime_551.jpg;2022-06-16;2022-06-16
World Trigger;https://animem.org/world-trigger;/img/anime_552.jpg;2022-06-16;2022-06-16
World Witches Hasshin Shimasu!;https://animem.org/world-witches-hasshin-shimasu;/img/anime_553.jpg;2022-06-16;2022-06-16
Wotaku ni Koi wa Muzukashii;https://animem.org/wotaku-ni-koi-wa-muzukashii;/img/anime_554.jpg;2022-06-16;2022-06-16
Val x Love;https://animem.org/val-x-love;/img/anime_555.jpg;2022-06-16;2022-06-16
Vampire Hunter;https://animem.org/vampire-hunter;/img/anime_556.jpg;2022-06-16;2022-06-16
Vampire Hunter D;https://animem.org/vampire-hunter-d;/img/anime_557.jpg;2022-06-16;2022-06-16
Vampire Hunter D (2000);https://animem.org/vampire-hunter-d-2000;/img/anime_558.jpg;2022-06-16;2022-06-16
Vampire Knight;https://animem.org/vampire-knight;/img/anime_559.jpg;2022-06-16;2022-06-16
Vanitas no Karte;https://animem.org/vanitas-no-karte;/img/anime_560.jpg;2022-06-16;2022-06-16
Vinland Saga;https://animem.org/vinland-saga;/img/anime_561.jpg;2022-06-16;2022-06-16
Violet Evergarden;https://animem.org/violet-evergarden;/img/anime_562.jpg;2022-06-16;2022-06-16
Visual Prison;https://animem.org/visual-prison;/img/anime_563.jpg;2022-06-16;2022-06-16
ViVid Strike!;https://animem.org/vivid-strike;/img/anime_564.jpg;2022-06-16;2022-06-16
Vivy: Fluorite Eye's Song;https://animem.org/vivy-fluorite-eyes-song;/img/anime_565.jpg;2022-06-16;2022-06-16
X;https://animem.org/xx;/img/anime_566.jpg;2022-06-16;2022-06-16
Xian Wang de Richang Shenghuo;https://animem.org/xian-wang-de-richang-shenghuo;/img/anime_567.jpg;2022-06-16;2022-06-16
Yagate Kimi ni Naru;https://animem.org/yagate-kimi-ni-naru;/img/anime_568.jpg;2022-06-16;2022-06-16
Yahari Ore no Seishun Love Comedy wa Machigatteiru.;https://animem.org/yahari-ore-no-seishun-love-comedy-wa-machigatteiru;/img/anime_569.jpg;2022-06-16;2022-06-16
Yaku nara Mug Cup mo;https://animem.org/Yaku_nara_Mug_Cup_mo;/img/anime_570.jpg;2022-06-16;2022-06-16
Yakusoku no Neverland;https://animem.org/yakusoku-no-neverland;/img/anime_571.jpg;2022-06-16;2022-06-16
Yamada-kun to 7-nin no Majo;https://animem.org/yamada-kun-to-7-nin-no-majo;/img/anime_572.jpg;2022-06-16;2022-06-16
Yao Jing Zhong Zhi Shou Ce;https://animem.org/yao-jing-zhong-zhi-shou-ce;/img/anime_573.jpg;2022-06-16;2022-06-16
Yasuke;https://animem.org/yasuke;/img/anime_574.jpg;2022-06-16;2022-06-16
Yatogame-chan Kansatsu Nikki Series;https://animem.org/Yatogame-chan_Kansatsu_Nikki_Series;/img/anime_575.jpg;2022-06-16;2022-06-16
Yes ka No ka Hanbun ka;https://animem.org/yes-ka-no-ka-hanbun-ka;/img/anime_576.jpg;2022-06-16;2022-06-16
Yondemasu yo, Azazel-san.;https://animem.org/yondemasu-yo-azazel-san;/img/anime_577.jpg;2022-06-16;2022-06-16
Yosuga no Sora: In Solitude, Where We Are Least Alone.;https://animem.org/yosuga-no-sora-in-solitude-where-we-are-least-alone;/img/anime_578.jpg;2022-06-16;2022-06-16
Youjo Senki;https://animem.org/Youjo_Senki;/img/anime_579.jpg;2022-06-16;2022-06-16
Youkoso Jitsuryoku Shijou Shugi no Kyoushitsu e;https://animem.org/youkoso-jitsuryoku-shijou-shugi-no-kyoushitsu-e;/img/anime_580.jpg;2022-06-16;2022-06-16
Young Black Jack;https://animem.org/Young_Black_Jack;/img/anime_581.jpg;2022-06-16;2022-06-16
Yowamushi Pedal Series;https://animem.org/Yowamushi_Pedal_Series;/img/anime_582.jpg;2022-06-16;2022-06-16
Yozakura Quartet;https://animem.org/yozakura-quartet;/img/anime_583.jpg;2022-06-16;2022-06-16
Yume Oukoku to Nemureru 100-nin no Ouji-sama;https://animem.org/Yume_Oukoku_to_Nemureru_100-nin_no_Ouji-sama;/img/anime_584.jpg;2022-06-16;2022-06-16
Yumeria;https://animem.org/yumeria;/img/anime_585.jpg;2022-06-16;2022-06-16
Yuragi-sou no Yuuna-san;https://animem.org/yuragi-sou-no-yuuna-san;/img/anime_586.jpg;2022-06-16;2022-06-16
Yuri on Ice;https://animem.org/yuri-on-ice;/img/anime_587.jpg;2022-06-16;2022-06-16
Yuru Camp△;https://animem.org/Yuru_Camp%E2%96%B3;/img/anime_588.jpg;2022-06-16;2022-06-16
Yuuki Yuuna wa Yuusha de Aru;https://animem.org/yuuki-yuuna-wa-yuusha-de-aru;/img/anime_589.jpg;2022-06-16;2022-06-16
Yuukoku no Moriarty;https://animem.org/yuukoku-no-moriarty;/img/anime_590.jpg;2022-06-16;2022-06-16
Yuusha, Yamemasu;https://animem.org/Yuusha,_Yamemasu;/img/anime_591.jpg;2022-06-16;2022-06-16
Yuu Yuu Hakusho;https://animem.org/yuu-yuu-hakusho;/img/anime_592.jpg;2022-06-16;2022-06-16
Yuyushiki;https://animem.org/yuyushiki;/img/anime_593.jpg;2022-06-16;2022-06-16
Zankyou no Terror;https://animem.org/zankyou-no-terror;/ing/anime_594.jpg;2022-06-17;2022-06-17
Zero kara Hajimeru Mahou no Sho;https://animem.org/zero-kara-hajimeru-mahou-no-sho;/img/anime_595.jpg;2022-06-17;2022-06-17
Zero no Tsukaima;https://animem.org/zero-no-tsukaima;/img/anime_596.jpg;2022-06-17;2022-06-17
Zetman;https://animem.org/zetman;/img/anime_597.jpg;2022-06-17;2022-06-17
Zetsuen no Tempest;https://animem.org/zetsuen-no-tempest;/img/anime_598.jpg;2022-06-17;2022-06-17
Zettai Junpaku Mahou Shoujo;https://animem.org/zettai-junpaku-mahou-shoujo;/img/anime_599.jpg;2022-06-17;2022-06-17
Zhen Hun Jie;https://animem.org/zhen-hun-jie;/img/anime_600.jpg;2022-06-17;2022-06-17
Zombie-Loan;https://animem.org/zombie-loan;/img/anime_601.jpg;2022-06-17;2022-06-17
https://animem.org/zombieland-saga;https://animem.org/zombieland-saga;/img/anime_602.jpg;2022-06-17;2022-06-17
Zuihou de Zhaohuan Shi;https://animem.org/Zuihou_de_Zhaohuan_Shi;/img/anime_603.jpg;2022-06-17;2022-06-17
Zutto Mae kara Suki deshita.: Kokuhaku Jikkou Iinkai;https://animem.org/zutto-mae-kara-suki-deshita-kokuhaku-jikkou-iinkai;/img/anime_604.jpg;2022-06-17;2022-06-17
07-Ghost;https://animem.org/07-ghost;/img/anime_605.jpg;2022-06-17;2022-06-17
100-man no Inochi no Ue ni Ore wa Tatteiru;https://animem.org/100-man-no-inochi-no-ue-ni-ore-wa-tatteiru;/img/anime_606.jpg;2022-06-17;2022-06-17
11eyes;https://animem.org/11eyes;/img/anime_607.jpg;2022-06-17;2022-06-17
180 Byou de Kimi no Mimi wo Shiawase ni Dekiru ka?;https://animem.org/180_Byou_de_Kimi_no_Mimi_wo_Shiawase_ni_Dekiru_ka;/img/anime_608.jpg;2022-06-17;2022-06-17
18if;https://animem.org/18if;/img/anime_609.jpg;2022-06-17;2022-06-17
3-gatsu no Lion;https://animem.org/3-gatsu_no_Lion;/img/anime_610.jpg;2022-06-17;2022-06-17
3D Kanojo: Real Girl;https://animem.org/3d-kanojo-real-girl;/img/anime_611.jpg;2022-06-17;2022-06-17
5-toubun no Hanayome;https://animem.org/5-toubun-no-hanayome;/img/anime_612.jpg;2022-06-17;2022-06-17
86 Series;https://animem.org/86-eighty-six-series;/img/anime_13.jpg;2022-06-17;2022-06-17
